id,name
1,testporject
2,test 2 project 1
3,deepwalk project
4,"Erie, CO"
5,Bellevue Pilot 2023
6,2023 Data Collection
8,NilesOHPilot
9,testproject3
10,City of Highland Park IL Sidewalk Analysis
11,"Augusta, KS; 2023 Collection"
12,DVD-Pilot
13,2023 Pilot
14,"2023, Pilot, 5 miles"
15,Archive-23-Collection
16,test2 project 2
17,I am a porject
18,DDOT Pilot
19,Pilot Project
20,GPS_Test_10_25_23
21,"Corinth, TX, Curb Ramps"
22,"LDA, Pilot, 2023"
23,Test Project
24,"Lyons, NY"
25,Demo
26,GPS_Test_Sean_11_10_23
27,"Tallahassee, FL, 2023 Collection"
28,testproject
29,new project
30,DW-Demo-Annotation
31,"UIUC - Sidewalk Collection, 2023/2024"
32,morgmorgmorg
33,Asheville Pilot
34,Asheville Pilot Project
35,morgmorg morg
36,Demo-Project
37,AI ADA Ramp Study Pilot
38,5 Mile Pilot
39,"AACo, Maryland"
40,_Raster_Scan_Test_2/15_phone
41,"Western Michigan University (WMU), 2023"
42,"PIM Pilot, 2023"
43,DeepWalk_Internal_Training_Set
44,Summit Hillsboro NC
45,Ardurra Test
46,S2S Test Project
47,Demo Project
48,"Lake Zurich, IL"
49,Benesch Pilot Project
50,Web App Demo Project
51,"City of Starkville, MS, Sidewalk Collection, 2023"
52,Chicago Bus Stops
53,"Corvallis24,20Miles"
54,Hillsboro 5 Mile Pilot
55,Summit Pilot Project
56,Michelin Pilot Test
57,LCOG Pilot
58,"San Angelo, Texas"
59,Test Project BA McCurry
60,"North Lauderdale, FL"
61,BSB-Montana
62,"Butte Silver-Bow, 2024"
63,Genoa Sidewalk Assessment
64,Westminster City Council
65,Henrico 5-Mile Pilot Project Summer 2024
66,Ramsey County ADA Transition Plan
67,University of Texas at Austin Accessible Routes Analysis
68,"DVD: Parks in Laguna Hills, CA"
69,Peoria-2022/3 Collection
70,"City of Peoria, 2024 Data Collection"
71,"Village of Towanda, IL"
72,"Peoria, IL 50"
73,"Niagara Falls, CA"
74,Village of Towanda IL
75,Village of Itasca Pilot Project
76,TOS 34 Pilot City of LA
77,"CMAP: City of Berwyn, IL"
78,"CMAP: Village of LaGrange Park, IL"
79,"Chicago Heights, IL"
80,"North Reading, MA Sidewalk Assessment"
81,2024 20 Mile - HE
82,Trail Test Project	
83,Village of Schaumburg - Pilot Program	
84, City of Andover 5 Mile Pilot Project
85,City of Paris Sidewalk Project
86,Houma MPO Pilot
87,"Houston,TX"
88,Consor Pilot Project
89,RockvilleMD_Pilot	
90,French Prairie Pathway
91,"City of Dubuque, 5 Miles"
92,AppStoreTest
93,ClemsonPilot2025
94,Pilot - Clemson	
95,KeystoneHeightsFL_Pilot
96,"2025 Milwaukie, OR"
97,"Woodstock, IL"
98,Edina Pilot Project
99,JMT_Pilot_2_25
100,CenturyWest Pilot
101,"Clemmons, NC"
102,SITE Demo
103,RaptorWorx Pilot
104,DeepDemo - MP
105,"CMAP: Glen Ellyn, IL"
106,ARA Demo Project
107,TestingAndAnalysisProject
108,Louisiana Department of Transportation and Development ADA Transition Plan
109,II - Pilot - Clemson Uni	
110,IDS Test
111,"City of Elmhurst, IL"
112,5 Mile Pilot - Three Rivers Parks
113,Tuolumne County
114,"Warrenville, IL "
115," Libertyville, IL"
116,University of Arkansas
117,"Lake County, IL"
118,Ice Age Trail (Test)
119,SHanthorn Test Project
120,project_morg
121,ever_morger
122,ever_morger_2
123,how_morg_can_you_morg
124,Michael F Scotello
125,"Spokane, WA Sidewalk Program"
126,FrankRoti Test Project
127,Gurney Pilot
128,Florida Department of Transportation (FDOT) Sidewalk Program
129,Demo Project - Civiltech
130,"Hanson: Peoria, 800 Ramps"
131,InferTest
132,"City of Canton, IL"
133,Port Lavaca
134,Hudson County
135,"Buda, TX"
136,Algonquin
137,RoadManTech Pilot
138,LDA Pilot: 2025
139,"Williston, ND"
140,São Paulo 2km Pilot
141,DeepDemo - MP
142,"Hopkinsville, KY"
143,La Janet Condo Association
144,"City of Peoria, IL 2025 Collection"
145,LACRPC
146,DW Demo: Genoa Sidewalk Assessment
147,"City of Richmond, CA"
148,PartnerESI Project
149,"City of La Quinta, CA"
150,"Grimes, IA"
151,Sorject
152,Sorject
153,1000000 mile test project
154,Yeet by brandon3
155,Sean-a-palooza 2026 Assessment
156,dsafjk
157,"Abi's Test Project"
158,flksdj
159,lkh
160,Froti- Walk
161,EM Demo Project
162,gfdfhgf
163,dagdsg
164,DeepDemo - MP
165,sdafdsfaddsf
166,dsafasdtgtasd
167,kfjsdahfiuwen
168,truytyjghfgdjgh
169,DeepDemo - MP
170,rewqd
171,Frotiwalk2
172,DeepDemo - MP
173,derptopia
174,null
175,kjlhg
176,ldisutoqu
177,first
178,sample2
179,"Needham, MA - Sidewalk Pilot"
180,Collection Test
181,Morject
182,DeepDemo - MP
183,Pilot - 2025
184,mnjkhuy
185,fdsafdsfdsg
186,Sorject Userpilot
187,"Abi's Project"
188,DeepDemo - MP
189,"Midlothian, TX"
190,"City of Tehachapi, CA"
191,"Aubrey, TX"
192,"City of Raleigh, NC: Curb Ramps"
193,DeepDemo - MP
194,test_proj_01
195,"HMG Engineers: Wauconda, IL"
196,DeepDemo - MP
197,DeepDemo - MP
198,DeepDemo - MP
199,DeepDemo - MP
200,Test Split DeepDemo - MP Prod
201,"Spokane, WA Sidewalk Program District 2"
202,"Spokane, WA Sidewalk Program District 3"
203,CTDOT HQ Parking Lot
204,DeepDemo - MP
205,DeepDemo - MP
206,"Chicago, IL"
207,DeepDemo - MP
208,Abi
209,ConnDOT Test
210,22B Baker Street
211,DeepDemo - MP
212,Sean Rice township 1-28-26
213,DeepDemo - MP
214,"Village of Plainfield, IL"
215,Sidewalk Pilot
216,Hampton - Lafayette Rd
217,Blaine Sidewalk Scanning
218,Test Org 12
219,DeepDemo - MP
220,DeepDemo - MP
221,Test in Platteville
222,Demo Project 12
223,4 Executive Blvd Test
224,"Keller, TX"
225,test 5
226,DeepWalk Demo
227,"City of Evans, CO SETP"
228,"Tyler, TX"
229,IMU Test Project
230,Prod Plan
231,DeepDemo - MP
232,DeepDemo - MP
233,Demo
234,DeepDemo - MP
235,DeepDemo - MP
236,mobile app test
237,DeepDemo - MP
238,DeepDemo - MP
239,Ground Truth
240,DeepDemo - MP
241,Downtown Sidewalk Inventory
242,"CMAP Village of Channahon, IL"
243,Manatee County
244,mobile app test 2
245,DeepDemo - MP
246,Test Default Pro
247,DeepDemo - MP